-- phpMyAdmin SQL Dump
-- version 4.7.4
-- https://www.phpmyadmin.net/
--
-- Servidor: 127.0.0.1
-- Tiempo de generación: 08-02-2018 a las 21:17:59
-- Versión del servidor: 10.1.28-MariaDB
-- Versión de PHP: 7.0.25

SET SQL_MODE = "NO_AUTO_VALUE_ON_ZERO";
SET AUTOCOMMIT = 0;
START TRANSACTION;
SET time_zone = "+00:00";


/*!40101 SET @OLD_CHARACTER_SET_CLIENT=@@CHARACTER_SET_CLIENT */;
/*!40101 SET @OLD_CHARACTER_SET_RESULTS=@@CHARACTER_SET_RESULTS */;
/*!40101 SET @OLD_COLLATION_CONNECTION=@@COLLATION_CONNECTION */;
/*!40101 SET NAMES utf8mb4 */;

--
-- Base de datos: `investments`
--

-- --------------------------------------------------------

--
-- Estructura de tabla para la tabla `customers`
--

CREATE TABLE `customers` (
  `id` int(10) UNSIGNED NOT NULL,
  `nit` bigint(20) NOT NULL,
  `name` varchar(255) COLLATE utf8mb4_unicode_ci NOT NULL,
  `address` varchar(255) COLLATE utf8mb4_unicode_ci NOT NULL,
  `phone_number` varchar(255) COLLATE utf8mb4_unicode_ci NOT NULL,
  `user_id` int(10) UNSIGNED NOT NULL,
  `created_at` timestamp NULL DEFAULT NULL,
  `updated_at` timestamp NULL DEFAULT NULL
) ENGINE=InnoDB DEFAULT CHARSET=utf8mb4 COLLATE=utf8mb4_unicode_ci;

--
-- Volcado de datos para la tabla `customers`
--

INSERT INTO `customers` (`id`, `nit`, `name`, `address`, `phone_number`, `user_id`, `created_at`, `updated_at`) VALUES
(1, 15149, 'Dayton Murray', '225 Kunze Wells Suite 986\nAntonettafurt, IL 50039', '1-800-337-7650', 1, '2017-12-22 21:44:20', '2017-12-22 21:44:20'),
(2, 49756, 'Zane Prohaska', '5906 Kiehn Islands\nLake Ceasarchester, CT 48259', '1-844-447-4886', 1, '2017-12-22 21:44:20', '2017-12-22 21:44:20'),
(3, 96451875, 'Imelda Tromp V', '733 Dicki Points\nWebsterbury, DC 13880-1130', '866-840-0174', 1, '2017-12-22 21:44:20', '2017-12-22 21:44:20'),
(4, 70, 'Vincenza Friesen', '846 Dejon Field Suite 777\nVeumport, MN 63341', '(844) 354-7277', 1, '2017-12-22 21:44:20', '2017-12-22 21:44:20'),
(5, 865, 'Ms. Itzel Jerde II', '332 Troy Island\nNew Electahaven, WV 30716', '1-877-644-0869', 1, '2017-12-22 21:44:20', '2017-12-22 21:44:20'),
(6, 66647, 'Ms. Lexi Crona', '7391 Emory Flats\nPollyberg, RI 38843', '1-855-349-4032', 1, '2017-12-22 21:44:20', '2017-12-22 21:44:20'),
(7, 4650, 'Leone Cassin MD', '8103 Carolanne Shoal\nWest Salvadorland, NJ 37794-4636', '800-737-4145', 1, '2017-12-22 21:44:20', '2017-12-22 21:44:20'),
(8, 112548280, 'Kassandra Willms', '76427 Spinka Turnpike Apt. 012\nDickensshire, NY 53809-4982', '800.703.5522', 1, '2017-12-22 21:44:20', '2017-12-22 21:44:20'),
(9, 1110304, 'Sonia Willms', '818 Langworth Village\nLake Eve, WA 77025-2251', '(855) 554-7088', 1, '2017-12-22 21:44:20', '2017-12-22 21:44:20'),
(10, 759036901, 'Jewel Fisher', '57281 Wilderman Park\nLake Forrestland, AR 74943', '855-683-4997', 1, '2017-12-22 21:44:20', '2017-12-22 21:44:20'),
(11, 80378587, 'Mr. Devin Schiller Jr.', '575 Johnson Path Suite 464\nEstellland, CO 08377', '844.790.1836', 1, '2017-12-22 21:44:20', '2017-12-22 21:44:20'),
(12, 4523733, 'Jarred Wuckert', '56999 Juana Ramp Apt. 139\nRoobchester, CO 65928-3924', '855.680.5728', 1, '2017-12-22 21:44:20', '2017-12-22 21:44:20'),
(13, 22, 'Mr. Chase Graham Sr.', '5229 Noemie Passage\nImeldaland, CO 88516', '1-844-407-7570', 1, '2017-12-22 21:44:20', '2017-12-22 21:44:20'),
(14, 893148873, 'Billie Lang', '3755 Connelly Burgs Suite 549\nNorth Lauriemouth, MT 77227', '1-855-239-7732', 1, '2017-12-22 21:44:20', '2017-12-22 21:44:20'),
(15, 600609, 'Richie Ferry', '152 Cleo Pass Suite 727\nNorth Janeshire, KY 88874', '1-866-697-4316', 1, '2017-12-22 21:44:20', '2017-12-22 21:44:20'),
(16, 36, 'Lenore Daniel', '553 Bonnie Crossing\nKeatonburgh, IL 62430-2770', '866.478.8605', 1, '2017-12-22 21:44:20', '2017-12-22 21:44:20'),
(17, 1829, 'Martin Gutkowski', '53988 Abigail Light\nSouth Ottilieside, DC 35374', '866-595-4230', 1, '2017-12-22 21:44:20', '2017-12-22 21:44:20'),
(18, 909514827, 'Braeden Cormier', '98450 Jerrod Isle\nEast Alizefurt, MI 98481', '1-888-593-7448', 1, '2017-12-22 21:44:20', '2017-12-22 21:44:20'),
(19, 522, 'Miss Kaya Mayer', '1898 Gordon Cliff\nProhaskamouth, WA 67784-4796', '1-844-283-3827', 1, '2017-12-22 21:44:21', '2017-12-22 21:44:21'),
(20, 62387499, 'Ophelia Lemke', '62918 Cummings Harbors\nChanelborough, NV 87250', '855.815.8973', 1, '2017-12-22 21:44:21', '2017-12-22 21:44:21'),
(21, 162002148, 'Tommie Welch', '3978 Koch Highway Suite 722\nCelestinomouth, RI 79838', '855-340-2555', 1, '2017-12-22 21:44:21', '2017-12-22 21:44:21'),
(22, 595604320, 'Miss Mabelle Senger', '923 Feil Terrace\nNew Lamar, MT 35660-6024', '(888) 929-7939', 1, '2017-12-22 21:44:21', '2017-12-22 21:44:21'),
(23, 381668, 'Andres Heller', '13230 Corwin Square Suite 598\nSouth Gersonland, OR 30390', '1-888-993-8445', 1, '2017-12-22 21:44:21', '2017-12-22 21:44:21'),
(24, 1838, 'Erick Murphy', '7059 Vivianne Spurs\nNathenside, PA 24531', '866-684-9871', 1, '2017-12-22 21:44:21', '2017-12-22 21:44:21'),
(25, 62873, 'Elody Rath', '2724 Sigmund Cliff Suite 671\nLowellbury, RI 78767', '(844) 469-3371', 1, '2017-12-22 21:44:21', '2017-12-22 21:44:21'),
(26, 47958, 'Electa Ward', '45062 Roob Union Apt. 877\nBuckland, IN 96698-8029', '1-800-421-1306', 1, '2017-12-22 21:44:21', '2017-12-22 21:44:21'),
(27, 79736739, 'Miss Millie O\'Kon', '47507 Wiegand Lodge\nMorissetteland, VA 47276', '1-800-895-5197', 1, '2017-12-22 21:44:21', '2017-12-22 21:44:21'),
(28, 6348, 'Carolanne Willms', '238 Myrtice Village\nCollierborough, NM 45625', '(888) 332-6976', 1, '2017-12-22 21:44:21', '2017-12-22 21:44:21'),
(29, 75, 'Prof. Sherwood Stark', '1387 Nya Points\nEast Marco, NC 88753', '888.895.5975', 1, '2017-12-22 21:44:21', '2017-12-22 21:44:21'),
(30, 3, 'Nicolette Hansen', '942 Erick Rapid Suite 417\nAdamfurt, GA 77481', '855.677.8664', 1, '2017-12-22 21:44:21', '2017-12-22 21:44:21'),
(31, 193, 'Dr. Marcia Mann DDS', '6417 Spinka Dam Apt. 623\nSouth Jamieville, AK 52174-3126', '888-844-9560', 1, '2017-12-22 21:44:21', '2017-12-22 21:44:21'),
(32, 5219, 'Lilly Wyman DVM', '34815 Junius Branch Suite 333\nWest Myriam, DC 56053', '1-855-733-7750', 1, '2017-12-22 21:44:21', '2017-12-22 21:44:21'),
(33, 61185444, 'Prof. Abraham Kozey', '4106 Abernathy Avenue\nPort Loriborough, ID 76209-1823', '(877) 903-4025', 1, '2017-12-22 21:44:21', '2017-12-22 21:44:21'),
(34, 8815257, 'Eliezer Kuphal', '647 Hudson Vista\nTomasburgh, TX 62443-5878', '1-866-287-7000', 1, '2017-12-22 21:44:21', '2017-12-22 21:44:21'),
(35, 445, 'Prof. Madison Wiza V', '72978 Pacocha Mountains Apt. 432\nNorth Meagan, NC 53760', '888.765.8269', 1, '2017-12-22 21:44:21', '2017-12-22 21:44:21'),
(36, 419, 'Mauricio Howe', '466 Upton Cape Suite 604\nYundtshire, NY 13747', '1-844-538-6512', 1, '2017-12-22 21:44:21', '2017-12-22 21:44:21'),
(37, 9257729, 'Mr. Enrico Torphy', '780 Harmony Locks Apt. 672\nFarrellside, ID 19902', '877.448.1876', 1, '2017-12-22 21:44:21', '2017-12-22 21:44:21'),
(38, 4481940, 'Dorian Rosenbaum', '22205 Freda Course Apt. 359\nDouglasburgh, NM 26386-3340', '800-988-2353', 1, '2017-12-22 21:44:21', '2017-12-22 21:44:21'),
(39, 138592946, 'Dr. Joan Stokes V', '19182 Francesco Spring\nSouth Mark, DE 88272', '(866) 204-4140', 1, '2017-12-22 21:44:21', '2017-12-22 21:44:21'),
(40, 1, 'Prof. Emmitt Denesik DDS', '275 Bobbie Village Suite 821\nEast Camille, IN 30947', '877.877.6806', 1, '2017-12-22 21:44:21', '2017-12-22 21:44:21'),
(41, 52, 'Jimmie Jones', '220 Sawayn Harbors Suite 086\nLangworthmouth, VA 52301', '(855) 536-1939', 1, '2017-12-22 21:44:21', '2017-12-22 21:44:21'),
(42, 2410558, 'Kyla Kshlerin', '48050 Simonis Mountains\nLefflerfurt, MN 45470-9533', '(800) 450-9103', 1, '2017-12-22 21:44:22', '2017-12-22 21:44:22'),
(43, 7967170, 'David Emmerich', '793 Schneider Lock\nNorth Vernicemouth, AK 91129', '877-741-4655', 1, '2017-12-22 21:44:22', '2017-12-22 21:44:22'),
(44, 7353564, 'Kevon D\'Amore I', '768 Hahn Trail\nNew Merle, CT 55930', '1-877-416-4552', 1, '2017-12-22 21:44:22', '2017-12-22 21:44:22'),
(45, 362, 'Arno Marks Sr.', '4292 Orn Common Apt. 112\nChaddport, DE 56009-8299', '800.975.7401', 1, '2017-12-22 21:44:22', '2017-12-22 21:44:22'),
(46, 4113, 'Alexandra Barton', '10222 Douglas Wells Suite 685\nNorth Clyde, WV 26083-5146', '844-666-5384', 1, '2017-12-22 21:44:22', '2017-12-22 21:44:22'),
(47, 64260, 'Hipolito Shanahan', '1568 Kevin Mill\nZacheryfurt, CO 57276-3418', '1-888-400-9570', 1, '2017-12-22 21:44:22', '2017-12-22 21:44:22'),
(48, 6, 'Haleigh Wilderman', '1284 Landen Harbors\nHesterbury, AL 07614-8779', '1-855-613-8249', 1, '2017-12-22 21:44:22', '2017-12-22 21:44:22'),
(49, 6, 'Aylin Abshire', '27863 Marquardt Valley\nCullenberg, SD 81982', '(888) 343-8215', 1, '2017-12-22 21:44:22', '2017-12-22 21:44:22'),
(50, 646739, 'Eduardo Bahringer III', '49910 Terry Pike Apt. 019\nNew Geoborough, OH 96845-6696', '800.209.3224', 1, '2017-12-22 21:44:22', '2017-12-22 21:44:22');

-- --------------------------------------------------------

--
-- Estructura de tabla para la tabla `debts`
--

CREATE TABLE `debts` (
  `id` int(10) UNSIGNED NOT NULL,
  `initial_balance` int(11) NOT NULL,
  `current_balance` int(11) NOT NULL,
  `customer_id` int(10) UNSIGNED NOT NULL,
  `created_at` timestamp NULL DEFAULT NULL,
  `updated_at` timestamp NULL DEFAULT NULL
) ENGINE=InnoDB DEFAULT CHARSET=utf8mb4 COLLATE=utf8mb4_unicode_ci;

--
-- Volcado de datos para la tabla `debts`
--

INSERT INTO `debts` (`id`, `initial_balance`, `current_balance`, `customer_id`, `created_at`, `updated_at`) VALUES
(1, 582750, 233, 45, '2017-12-22 21:44:22', '2017-12-23 01:17:54'),
(2, 121505, 19647, 17, '2017-12-22 21:44:22', '2017-12-22 21:44:22'),
(3, 861601, 30302, 22, '2017-12-22 21:44:22', '2017-12-22 21:44:22'),
(4, 668902, 29864, 28, '2017-12-22 21:44:22', '2017-12-22 21:44:22'),
(5, 946432, 41112, 38, '2017-12-22 21:44:22', '2017-12-22 21:44:22'),
(6, 837003, 18656, 42, '2017-12-22 21:44:22', '2017-12-22 21:44:22'),
(7, 288470, 73809, 19, '2017-12-22 21:44:22', '2017-12-22 21:44:22'),
(8, 163980, 35484, 42, '2017-12-22 21:44:22', '2017-12-22 21:44:22'),
(9, 848147, 57738, 44, '2017-12-22 21:44:22', '2017-12-22 21:44:22'),
(10, 268376, 25956, 38, '2017-12-22 21:44:22', '2017-12-22 21:44:22'),
(11, 536738, 33655, 46, '2017-12-22 21:44:23', '2017-12-22 21:44:23'),
(12, 301613, 83949, 5, '2017-12-22 21:44:23', '2017-12-22 21:44:23'),
(13, 345472, 65541, 14, '2017-12-22 21:44:23', '2017-12-22 21:44:23'),
(14, 707753, 59186, 8, '2017-12-22 21:44:23', '2017-12-22 21:44:23'),
(15, 141677, 76528, 7, '2017-12-22 21:44:23', '2017-12-22 21:44:23'),
(16, 487624, 25445, 38, '2017-12-22 21:44:23', '2017-12-22 21:44:23'),
(17, 138146, 57077, 14, '2017-12-22 21:44:23', '2017-12-22 21:44:23'),
(18, 303251, 19508, 40, '2017-12-22 21:44:23', '2017-12-22 21:44:23'),
(19, 646220, 91828, 44, '2017-12-22 21:44:23', '2017-12-22 21:44:23'),
(20, 982900, 35248, 31, '2017-12-22 21:44:23', '2017-12-22 21:44:23'),
(21, 995605, 72873, 47, '2017-12-22 21:44:23', '2017-12-22 21:44:23'),
(22, 157842, 68144, 31, '2017-12-22 21:44:23', '2017-12-22 21:44:23'),
(23, 730354, 26438, 46, '2017-12-22 21:44:23', '2017-12-22 21:44:23'),
(24, 875304, 67771, 28, '2017-12-22 21:44:23', '2017-12-22 21:44:23'),
(25, 695762, 48931, 35, '2017-12-22 21:44:23', '2017-12-22 21:44:23'),
(26, 129585, 58756, 17, '2017-12-22 21:44:23', '2017-12-22 21:44:23'),
(27, 246384, 40631, 9, '2017-12-22 21:44:23', '2017-12-22 21:44:23'),
(28, 516234, 45612, 13, '2017-12-22 21:44:23', '2017-12-22 21:44:23'),
(29, 898235, 20640, 8, '2017-12-22 21:44:23', '2017-12-22 21:44:23'),
(30, 641713, 71937, 50, '2017-12-22 21:44:23', '2017-12-22 21:44:23'),
(31, 464259, 76865, 28, '2017-12-22 21:44:23', '2017-12-22 21:44:23'),
(32, 793332, 94463, 22, '2017-12-22 21:44:23', '2017-12-22 21:44:23'),
(33, 400917, 88980, 12, '2017-12-22 21:44:23', '2017-12-22 21:44:23'),
(34, 276012, 86254, 38, '2017-12-22 21:44:24', '2017-12-22 21:44:24'),
(35, 386196, 44328, 24, '2017-12-22 21:44:24', '2017-12-22 21:44:24'),
(36, 579682, 37351, 47, '2017-12-22 21:44:24', '2017-12-22 21:44:24'),
(37, 416199, 90578, 36, '2017-12-22 21:44:24', '2017-12-22 21:44:24'),
(38, 908756, 13005, 3, '2017-12-22 21:44:24', '2017-12-22 21:44:24'),
(39, 170085, 63361, 50, '2017-12-22 21:44:24', '2017-12-22 21:44:24'),
(40, 860512, 58991, 11, '2017-12-22 21:44:24', '2017-12-22 21:44:24'),
(41, 502863, 53068, 13, '2017-12-22 21:44:24', '2017-12-22 21:44:24'),
(42, 461695, 39858, 33, '2017-12-22 21:44:24', '2017-12-22 21:44:24'),
(43, 884422, 97307, 7, '2017-12-22 21:44:24', '2017-12-22 21:44:24'),
(44, 829561, 200748, 23, '2017-12-22 21:44:24', '2017-12-22 21:53:26'),
(45, 734595, 68627, 43, '2017-12-22 21:44:24', '2017-12-22 21:44:24'),
(46, 911432, 65313, 48, '2017-12-22 21:44:24', '2017-12-22 21:44:24'),
(47, 978893, 40438, 17, '2017-12-22 21:44:24', '2017-12-22 21:44:24'),
(48, 397601, 49323, 33, '2017-12-22 21:44:24', '2017-12-22 21:44:24'),
(49, 148683, 65713, 26, '2017-12-22 21:44:24', '2017-12-22 21:44:24'),
(50, 887261, 49468, 14, '2017-12-22 21:44:24', '2017-12-22 21:44:24'),
(51, 280399, 95416, 47, '2017-12-22 21:44:24', '2017-12-22 21:44:24'),
(52, 204415, 45739, 42, '2017-12-22 21:44:24', '2017-12-22 21:44:24'),
(53, 603969, 61772, 46, '2017-12-22 21:44:24', '2017-12-22 21:44:24'),
(54, 514255, 18000, 38, '2017-12-22 21:44:24', '2017-12-22 21:44:24'),
(55, 423510, 33309, 43, '2017-12-22 21:44:24', '2017-12-22 21:44:24'),
(56, 885605, 19508, 22, '2017-12-22 21:44:25', '2017-12-22 21:44:25'),
(57, 570640, 18886, 47, '2017-12-22 21:44:25', '2017-12-22 21:44:25'),
(58, 906173, 67201, 24, '2017-12-22 21:44:25', '2017-12-22 21:44:25'),
(59, 703995, 90344, 10, '2017-12-22 21:44:25', '2017-12-22 21:44:25'),
(60, 339148, 65655, 20, '2017-12-22 21:44:25', '2017-12-22 21:44:25'),
(61, 657520, 95946, 39, '2017-12-22 21:44:25', '2017-12-22 21:44:25'),
(62, 465070, 75122, 38, '2017-12-22 21:44:25', '2017-12-22 21:44:25'),
(63, 505230, 45203, 42, '2017-12-22 21:44:25', '2017-12-22 21:44:25'),
(64, 201760, 99256, 33, '2017-12-22 21:44:25', '2017-12-22 21:44:25'),
(65, 299480, 23146, 33, '2017-12-22 21:44:25', '2017-12-22 21:44:25'),
(66, 331798, 66754, 6, '2017-12-22 21:44:25', '2017-12-22 21:44:25'),
(67, 616608, 32862, 6, '2017-12-22 21:44:25', '2017-12-22 21:44:25'),
(68, 191888, 75996, 17, '2017-12-22 21:44:25', '2017-12-22 21:44:25'),
(69, 398375, 48695, 7, '2017-12-22 21:44:25', '2017-12-22 21:44:25'),
(70, 682455, 51484, 13, '2017-12-22 21:44:25', '2017-12-22 21:44:25'),
(71, 871223, 51359, 20, '2017-12-22 21:44:25', '2017-12-22 21:44:25'),
(72, 617373, 76114, 18, '2017-12-22 21:44:25', '2017-12-22 21:44:25'),
(73, 201710, 81364, 2, '2017-12-22 21:44:25', '2017-12-22 21:44:25'),
(74, 727859, 75579, 21, '2017-12-22 21:44:25', '2017-12-22 21:44:25'),
(75, 978644, 42421, 10, '2017-12-22 21:44:26', '2017-12-22 21:44:26'),
(76, 196034, 40988, 26, '2017-12-22 21:44:26', '2017-12-22 21:44:26'),
(77, 721814, 90473, 28, '2017-12-22 21:44:26', '2017-12-22 21:44:26'),
(78, 393737, 92171, 5, '2017-12-22 21:44:26', '2017-12-22 21:44:26'),
(79, 927856, 89600, 40, '2017-12-22 21:44:26', '2017-12-22 21:44:26'),
(80, 322285, 78746, 6, '2017-12-22 21:44:26', '2017-12-22 21:44:26'),
(81, 636261, 98309, 34, '2017-12-22 21:44:26', '2017-12-22 21:44:26'),
(82, 921969, 51637, 38, '2017-12-22 21:44:26', '2017-12-22 21:44:26'),
(83, 713966, 51322, 13, '2017-12-22 21:44:26', '2017-12-22 21:44:26'),
(84, 465489, 52001, 12, '2017-12-22 21:44:26', '2017-12-22 21:44:26'),
(85, 971068, 58052, 22, '2017-12-22 21:44:26', '2017-12-22 21:44:26'),
(86, 455255, 63989, 26, '2017-12-22 21:44:26', '2017-12-22 21:44:26'),
(87, 174877, 29153, 49, '2017-12-22 21:44:26', '2017-12-22 21:44:26'),
(88, 545679, 50876, 17, '2017-12-22 21:44:26', '2017-12-22 21:44:26'),
(89, 511974, 91171, 19, '2017-12-22 21:44:26', '2017-12-22 21:44:26'),
(90, 965029, 30834, 7, '2017-12-22 21:44:27', '2017-12-22 21:44:27'),
(91, 995888, 89174, 17, '2017-12-22 21:44:27', '2017-12-22 21:44:27'),
(92, 415092, 83053, 47, '2017-12-22 21:44:27', '2017-12-22 21:44:27'),
(93, 387392, 95020, 20, '2017-12-22 21:44:27', '2017-12-22 21:44:27'),
(94, 842303, 86000, 48, '2017-12-22 21:44:27', '2017-12-22 21:44:27'),
(95, 858437, 84088, 27, '2017-12-22 21:44:27', '2017-12-22 21:44:27'),
(96, 157299, 55190, 37, '2017-12-22 21:44:27', '2017-12-22 21:44:27'),
(97, 556433, 46889, 42, '2017-12-22 21:44:27', '2017-12-22 21:44:27'),
(98, 857294, 26365, 25, '2017-12-22 21:44:27', '2017-12-22 21:44:27'),
(99, 694633, 34473, 15, '2017-12-22 21:44:27', '2017-12-22 21:44:27'),
(100, 989312, 87664, 22, '2017-12-22 21:44:27', '2017-12-22 21:44:27');

-- --------------------------------------------------------

--
-- Estructura de tabla para la tabla `migrations`
--

CREATE TABLE `migrations` (
  `id` int(10) UNSIGNED NOT NULL,
  `migration` varchar(255) COLLATE utf8mb4_unicode_ci NOT NULL,
  `batch` int(11) NOT NULL
) ENGINE=InnoDB DEFAULT CHARSET=utf8mb4 COLLATE=utf8mb4_unicode_ci;

--
-- Volcado de datos para la tabla `migrations`
--

INSERT INTO `migrations` (`id`, `migration`, `batch`) VALUES
(16, '2014_10_12_000000_create_users_table', 1),
(17, '2014_10_12_100000_create_password_resets_table', 1),
(18, '2017_10_06_153944_create_customers_table', 1),
(19, '2017_10_06_154009_create_debts_table', 1),
(20, '2017_10_11_211109_create_movements_table', 1);

-- --------------------------------------------------------

--
-- Estructura de tabla para la tabla `movements`
--

CREATE TABLE `movements` (
  `id` int(10) UNSIGNED NOT NULL,
  `type` tinyint(1) NOT NULL,
  `value` int(11) NOT NULL,
  `percentage` int(11) NOT NULL,
  `user_id` int(10) UNSIGNED NOT NULL,
  `customer_id` int(10) UNSIGNED NOT NULL,
  `created_at` timestamp NULL DEFAULT NULL,
  `updated_at` timestamp NULL DEFAULT NULL
) ENGINE=InnoDB DEFAULT CHARSET=utf8mb4 COLLATE=utf8mb4_unicode_ci;

--
-- Volcado de datos para la tabla `movements`
--

INSERT INTO `movements` (`id`, `type`, `value`, `percentage`, `user_id`, `customer_id`, `created_at`, `updated_at`) VALUES
(1, 0, 56520, 50, 1, 9, '2017-12-22 21:44:27', '2017-12-22 21:44:27'),
(2, 1, 39858, 28, 1, 18, '2017-12-22 21:44:27', '2017-12-22 21:44:27'),
(3, 1, 49400, 45, 1, 48, '2017-12-22 21:44:27', '2017-12-22 21:44:27'),
(4, 0, 45776, 61, 1, 23, '2017-12-22 21:44:27', '2017-12-22 21:44:27'),
(5, 1, 34381, 95, 1, 48, '2017-12-22 21:44:27', '2017-12-22 21:44:27'),
(6, 1, 48725, 92, 1, 46, '2017-12-22 21:44:27', '2017-12-22 21:44:27'),
(7, 0, 82897, 75, 1, 38, '2017-12-22 21:44:28', '2017-12-22 21:44:28'),
(8, 0, 41669, 35, 1, 1, '2017-12-22 21:44:28', '2017-12-22 21:44:28'),
(9, 0, 83927, 94, 1, 19, '2017-12-22 21:44:28', '2017-12-22 21:44:28'),
(10, 1, 33787, 46, 1, 15, '2017-12-22 21:44:28', '2017-12-22 21:44:28'),
(11, 1, 72217, 23, 1, 35, '2017-12-22 21:44:28', '2017-12-22 21:44:28'),
(12, 0, 72374, 53, 1, 46, '2017-12-22 21:44:28', '2017-12-22 21:44:28'),
(13, 0, 77474, 52, 1, 35, '2017-12-22 21:44:28', '2017-12-22 21:44:28'),
(14, 0, 88052, 78, 1, 21, '2017-12-22 21:44:28', '2017-12-22 21:44:28'),
(15, 0, 39214, 84, 1, 25, '2017-12-22 21:44:28', '2017-12-22 21:44:28'),
(16, 0, 28946, 56, 1, 42, '2017-12-22 21:44:28', '2017-12-22 21:44:28'),
(17, 0, 87023, 30, 1, 41, '2017-12-22 21:44:28', '2017-12-22 21:44:28'),
(18, 0, 18746, 81, 1, 10, '2017-12-22 21:44:28', '2017-12-22 21:44:28'),
(19, 1, 35354, 67, 1, 48, '2017-12-22 21:44:28', '2017-12-22 21:44:28'),
(20, 0, 34408, 99, 1, 46, '2017-12-22 21:44:28', '2017-12-22 21:44:28'),
(21, 1, 22861, 95, 1, 33, '2017-12-22 21:44:28', '2017-12-22 21:44:28'),
(22, 1, 99410, 87, 1, 19, '2017-12-22 21:44:28', '2017-12-22 21:44:28'),
(23, 0, 21520, 58, 1, 18, '2017-12-22 21:44:28', '2017-12-22 21:44:28'),
(24, 1, 89375, 73, 1, 45, '2017-12-22 21:44:29', '2017-12-22 21:44:29'),
(25, 1, 19050, 95, 1, 37, '2017-12-22 21:44:29', '2017-12-22 21:44:29'),
(26, 1, 28213, 42, 1, 29, '2017-12-22 21:44:29', '2017-12-22 21:44:29'),
(27, 0, 38456, 13, 1, 15, '2017-12-22 21:44:29', '2017-12-22 21:44:29'),
(28, 1, 54696, 54, 1, 46, '2017-12-22 21:44:29', '2017-12-22 21:44:29'),
(29, 1, 41513, 82, 1, 33, '2017-12-22 21:44:29', '2017-12-22 21:44:29'),
(30, 0, 41862, 7, 1, 20, '2017-12-22 21:44:29', '2017-12-22 21:44:29'),
(31, 0, 85954, 79, 1, 28, '2017-12-22 21:44:29', '2017-12-22 21:44:29'),
(32, 1, 58529, 1, 1, 50, '2017-12-22 21:44:29', '2017-12-22 21:44:29'),
(33, 0, 83847, 54, 1, 15, '2017-12-22 21:44:29', '2017-12-22 21:44:29'),
(34, 0, 26031, 95, 1, 11, '2017-12-22 21:44:29', '2017-12-22 21:44:29'),
(35, 1, 31390, 73, 1, 30, '2017-12-22 21:44:29', '2017-12-22 21:44:29'),
(36, 0, 63578, 93, 1, 46, '2017-12-22 21:44:29', '2017-12-22 21:44:29'),
(37, 0, 38411, 80, 1, 50, '2017-12-22 21:44:29', '2017-12-22 21:44:29'),
(38, 1, 59306, 4, 1, 27, '2017-12-22 21:44:29', '2017-12-22 21:44:29'),
(39, 0, 33921, 82, 1, 13, '2017-12-22 21:44:29', '2017-12-22 21:44:29'),
(40, 0, 21060, 58, 1, 31, '2017-12-22 21:44:29', '2017-12-22 21:44:29'),
(41, 0, 61332, 23, 1, 20, '2017-12-22 21:44:29', '2017-12-22 21:44:29'),
(42, 0, 68118, 33, 1, 15, '2017-12-22 21:44:29', '2017-12-22 21:44:29'),
(43, 0, 52838, 71, 1, 7, '2017-12-22 21:44:29', '2017-12-22 21:44:29'),
(44, 0, 53667, 99, 1, 30, '2017-12-22 21:44:29', '2017-12-22 21:44:29'),
(45, 1, 50032, 89, 1, 1, '2017-12-22 21:44:29', '2017-12-22 21:44:29'),
(46, 1, 47332, 67, 1, 1, '2017-12-22 21:44:29', '2017-12-22 21:44:29'),
(47, 0, 85951, 23, 1, 33, '2017-12-22 21:44:30', '2017-12-22 21:44:30'),
(48, 0, 77412, 87, 1, 29, '2017-12-22 21:44:30', '2017-12-22 21:44:30'),
(49, 0, 23017, 60, 1, 2, '2017-12-22 21:44:30', '2017-12-22 21:44:30'),
(50, 1, 83125, 48, 1, 35, '2017-12-22 21:44:30', '2017-12-22 21:44:30'),
(51, 1, 1000, 0, 1, 23, '2017-12-22 21:48:03', '2017-12-22 21:48:03'),
(52, 0, 120000, 20, 1, 23, '2017-12-22 21:48:12', '2017-12-22 21:48:12'),
(53, 1, 200000, 0, 1, 23, '2017-12-22 21:48:42', '2017-12-22 21:48:42'),
(54, 0, 144000, 20, 1, 23, '2017-12-22 21:48:55', '2017-12-22 21:48:55'),
(55, 1, 100000, 0, 1, 23, '2017-12-22 21:49:43', '2017-12-22 21:49:43'),
(56, 0, 240000, 20, 1, 23, '2017-12-22 21:49:55', '2017-12-22 21:49:55'),
(57, 1, 84000, 0, 1, 23, '2017-12-22 21:53:27', '2017-12-22 21:53:27'),
(58, 0, 120000, 20, 1, 45, '2017-12-23 01:17:41', '2017-12-23 01:17:41'),
(59, 1, 209000, 0, 1, 45, '2017-12-23 01:17:54', '2017-12-23 01:17:54'),
(60, 0, 16173, 17, 1, 13, '2017-12-25 02:11:13', '2017-12-25 02:11:13'),
(61, 1, 46367, 57, 1, 36, '2017-12-25 02:11:13', '2017-12-25 02:11:13'),
(62, 0, 70960, 21, 1, 23, '2017-12-25 02:11:13', '2017-12-25 02:11:13'),
(63, 0, 79018, 36, 1, 29, '2017-12-25 02:11:13', '2017-12-25 02:11:13'),
(64, 1, 55849, 48, 1, 44, '2017-12-25 02:11:13', '2017-12-25 02:11:13'),
(65, 0, 98710, 41, 1, 36, '2017-12-25 02:11:13', '2017-12-25 02:11:13'),
(66, 0, 68338, 36, 1, 37, '2017-12-25 02:11:13', '2017-12-25 02:11:13'),
(67, 1, 69387, 50, 1, 6, '2017-12-25 02:11:13', '2017-12-25 02:11:13'),
(68, 0, 33772, 0, 1, 47, '2017-12-25 02:11:14', '2017-12-25 02:11:14'),
(69, 1, 86304, 66, 1, 10, '2017-12-25 02:11:14', '2017-12-25 02:11:14'),
(70, 0, 26711, 57, 1, 38, '2017-12-25 02:11:14', '2017-12-25 02:11:14'),
(71, 1, 18372, 86, 1, 46, '2017-12-25 02:11:14', '2017-12-25 02:11:14'),
(72, 1, 75799, 93, 1, 44, '2017-12-25 02:11:14', '2017-12-25 02:11:14'),
(73, 1, 66963, 31, 1, 8, '2017-12-25 02:11:14', '2017-12-25 02:11:14'),
(74, 1, 41930, 97, 1, 43, '2017-12-25 02:11:14', '2017-12-25 02:11:14'),
(75, 1, 97519, 86, 1, 46, '2017-12-25 02:11:14', '2017-12-25 02:11:14'),
(76, 0, 18562, 97, 1, 13, '2017-12-25 02:11:14', '2017-12-25 02:11:14'),
(77, 1, 63128, 85, 1, 1, '2017-12-25 02:11:14', '2017-12-25 02:11:14'),
(78, 1, 71101, 57, 1, 3, '2017-12-25 02:11:14', '2017-12-25 02:11:14'),
(79, 0, 91961, 12, 1, 30, '2017-12-25 02:11:14', '2017-12-25 02:11:14'),
(80, 0, 10557, 6, 1, 35, '2017-12-25 02:11:14', '2017-12-25 02:11:14'),
(81, 1, 87654, 17, 1, 4, '2017-12-25 02:11:14', '2017-12-25 02:11:14'),
(82, 1, 10236, 26, 1, 1, '2017-12-25 02:11:14', '2017-12-25 02:11:14'),
(83, 1, 57646, 4, 1, 18, '2017-12-25 02:11:14', '2017-12-25 02:11:14'),
(84, 0, 30052, 18, 1, 29, '2017-12-25 02:11:14', '2017-12-25 02:11:14'),
(85, 1, 39496, 79, 1, 17, '2017-12-25 02:11:14', '2017-12-25 02:11:14'),
(86, 0, 91679, 89, 1, 45, '2017-12-25 02:11:14', '2017-12-25 02:11:14'),
(87, 0, 40661, 40, 1, 33, '2017-12-25 02:11:14', '2017-12-25 02:11:14'),
(88, 0, 32480, 18, 1, 35, '2017-12-25 02:11:14', '2017-12-25 02:11:14'),
(89, 1, 84963, 31, 1, 38, '2017-12-25 02:11:14', '2017-12-25 02:11:14'),
(90, 0, 78475, 81, 1, 36, '2017-12-25 02:11:15', '2017-12-25 02:11:15'),
(91, 1, 90216, 60, 1, 27, '2017-12-25 02:11:15', '2017-12-25 02:11:15'),
(92, 1, 12921, 8, 1, 5, '2017-12-25 02:11:15', '2017-12-25 02:11:15'),
(93, 1, 14081, 83, 1, 27, '2017-12-25 02:11:15', '2017-12-25 02:11:15'),
(94, 0, 73699, 35, 1, 9, '2017-12-25 02:11:15', '2017-12-25 02:11:15'),
(95, 1, 16374, 71, 1, 42, '2017-12-25 02:11:15', '2017-12-25 02:11:15'),
(96, 0, 83421, 38, 1, 13, '2017-12-25 02:11:15', '2017-12-25 02:11:15'),
(97, 1, 90191, 5, 1, 19, '2017-12-25 02:11:15', '2017-12-25 02:11:15'),
(98, 1, 36654, 94, 1, 20, '2017-12-25 02:11:15', '2017-12-25 02:11:15'),
(99, 0, 48012, 56, 1, 9, '2017-12-25 02:11:15', '2017-12-25 02:11:15'),
(100, 1, 63977, 73, 1, 22, '2017-12-25 02:11:15', '2017-12-25 02:11:15'),
(101, 1, 55721, 82, 1, 15, '2017-12-25 02:11:15', '2017-12-25 02:11:15'),
(102, 1, 78578, 33, 1, 26, '2017-12-25 02:11:15', '2017-12-25 02:11:15'),
(103, 1, 62273, 15, 1, 38, '2017-12-25 02:11:15', '2017-12-25 02:11:15'),
(104, 1, 88691, 51, 1, 41, '2017-12-25 02:11:15', '2017-12-25 02:11:15'),
(105, 0, 40522, 52, 1, 12, '2017-12-25 02:11:15', '2017-12-25 02:11:15'),
(106, 1, 87751, 23, 1, 47, '2017-12-25 02:11:15', '2017-12-25 02:11:15'),
(107, 1, 22737, 18, 1, 24, '2017-12-25 02:11:15', '2017-12-25 02:11:15'),
(108, 0, 20372, 78, 1, 31, '2017-12-25 02:11:15', '2017-12-25 02:11:15'),
(109, 0, 82380, 45, 1, 37, '2017-12-25 02:11:15', '2017-12-25 02:11:15'),
(110, 1, 17955, 74, 1, 14, '2017-12-27 13:37:43', '2017-12-27 13:37:43'),
(111, 1, 16346, 33, 1, 1, '2017-12-27 13:37:43', '2017-12-27 13:37:43'),
(112, 0, 93656, 57, 1, 23, '2017-12-27 13:37:43', '2017-12-27 13:37:43'),
(113, 1, 90892, 94, 1, 4, '2017-12-27 13:37:43', '2017-12-27 13:37:43'),
(114, 1, 56179, 15, 1, 2, '2017-12-27 13:37:43', '2017-12-27 13:37:43'),
(115, 1, 74713, 38, 1, 7, '2017-12-27 13:37:43', '2017-12-27 13:37:43'),
(116, 0, 99447, 62, 1, 42, '2017-12-27 13:37:43', '2017-12-27 13:37:43'),
(117, 0, 59391, 9, 1, 31, '2017-12-27 13:37:43', '2017-12-27 13:37:43'),
(118, 0, 26339, 53, 1, 47, '2017-12-27 13:37:43', '2017-12-27 13:37:43'),
(119, 0, 73185, 27, 1, 39, '2017-12-27 13:37:43', '2017-12-27 13:37:43'),
(120, 0, 91821, 53, 1, 23, '2017-12-27 13:37:43', '2017-12-27 13:37:43'),
(121, 0, 20956, 6, 1, 12, '2017-12-27 13:37:43', '2017-12-27 13:37:43'),
(122, 1, 44819, 56, 1, 6, '2017-12-27 13:37:43', '2017-12-27 13:37:43'),
(123, 0, 14870, 83, 1, 24, '2017-12-27 13:37:43', '2017-12-27 13:37:43'),
(124, 0, 86962, 77, 1, 4, '2017-12-27 13:37:43', '2017-12-27 13:37:43'),
(125, 1, 13600, 68, 1, 10, '2017-12-27 13:37:43', '2017-12-27 13:37:43'),
(126, 0, 83694, 33, 1, 37, '2017-12-27 13:37:43', '2017-12-27 13:37:43'),
(127, 0, 33119, 91, 1, 15, '2017-12-27 13:37:44', '2017-12-27 13:37:44'),
(128, 0, 63208, 51, 1, 6, '2017-12-27 13:37:44', '2017-12-27 13:37:44'),
(129, 1, 63708, 25, 1, 15, '2017-12-27 13:37:44', '2017-12-27 13:37:44'),
(130, 1, 15436, 17, 1, 39, '2017-12-27 13:37:44', '2017-12-27 13:37:44'),
(131, 0, 37091, 90, 1, 26, '2017-12-27 13:37:44', '2017-12-27 13:37:44'),
(132, 0, 72256, 95, 1, 43, '2017-12-27 13:37:44', '2017-12-27 13:37:44'),
(133, 1, 53711, 86, 1, 16, '2017-12-27 13:37:44', '2017-12-27 13:37:44'),
(134, 1, 49768, 36, 1, 25, '2017-12-27 13:37:44', '2017-12-27 13:37:44'),
(135, 0, 95677, 14, 1, 11, '2017-12-27 13:37:44', '2017-12-27 13:37:44'),
(136, 0, 29814, 70, 1, 6, '2017-12-27 13:37:44', '2017-12-27 13:37:44'),
(137, 1, 44801, 78, 1, 47, '2017-12-27 13:37:44', '2017-12-27 13:37:44'),
(138, 1, 42018, 3, 1, 29, '2017-12-27 13:37:44', '2017-12-27 13:37:44'),
(139, 0, 88856, 56, 1, 3, '2017-12-27 13:37:44', '2017-12-27 13:37:44'),
(140, 1, 60171, 7, 1, 33, '2017-12-27 13:37:44', '2017-12-27 13:37:44'),
(141, 1, 92704, 53, 1, 1, '2017-12-27 13:37:44', '2017-12-27 13:37:44'),
(142, 0, 58833, 66, 1, 18, '2017-12-27 13:37:44', '2017-12-27 13:37:44'),
(143, 1, 53188, 61, 1, 38, '2017-12-27 13:37:44', '2017-12-27 13:37:44'),
(144, 0, 31939, 79, 1, 2, '2017-12-27 13:37:44', '2017-12-27 13:37:44'),
(145, 0, 38853, 100, 1, 25, '2017-12-27 13:37:44', '2017-12-27 13:37:44'),
(146, 1, 49998, 4, 1, 45, '2017-12-27 13:37:44', '2017-12-27 13:37:44'),
(147, 0, 26820, 66, 1, 50, '2017-12-27 13:37:44', '2017-12-27 13:37:44'),
(148, 0, 33623, 77, 1, 49, '2017-12-27 13:37:44', '2017-12-27 13:37:44'),
(149, 1, 83254, 89, 1, 46, '2017-12-27 13:37:44', '2017-12-27 13:37:44'),
(150, 0, 41779, 34, 1, 22, '2017-12-27 13:37:44', '2017-12-27 13:37:44'),
(151, 0, 65722, 0, 1, 11, '2017-12-27 13:37:44', '2017-12-27 13:37:44'),
(152, 1, 33055, 52, 1, 35, '2017-12-27 13:37:44', '2017-12-27 13:37:44'),
(153, 1, 82364, 4, 1, 26, '2017-12-27 13:37:44', '2017-12-27 13:37:44'),
(154, 0, 27329, 21, 1, 49, '2017-12-27 13:37:44', '2017-12-27 13:37:44'),
(155, 1, 55709, 97, 1, 20, '2017-12-27 13:37:44', '2017-12-27 13:37:44'),
(156, 1, 65835, 95, 1, 18, '2017-12-27 13:37:45', '2017-12-27 13:37:45'),
(157, 1, 65175, 47, 1, 10, '2017-12-27 13:37:45', '2017-12-27 13:37:45'),
(158, 0, 95810, 97, 1, 43, '2017-12-27 13:37:45', '2017-12-27 13:37:45'),
(159, 1, 49854, 72, 1, 41, '2017-12-27 13:37:45', '2017-12-27 13:37:45'),
(160, 1, 63657, 89, 1, 34, '2017-12-28 13:44:32', '2017-12-28 13:44:32'),
(161, 0, 51574, 54, 1, 15, '2017-12-28 13:44:32', '2017-12-28 13:44:32'),
(162, 1, 93271, 41, 1, 17, '2017-12-28 13:44:32', '2017-12-28 13:44:32'),
(163, 0, 77113, 99, 1, 7, '2017-12-28 13:44:32', '2017-12-28 13:44:32'),
(164, 0, 92422, 58, 1, 26, '2017-12-28 13:44:32', '2017-12-28 13:44:32'),
(165, 1, 47405, 45, 1, 18, '2017-12-28 13:44:32', '2017-12-28 13:44:32'),
(166, 0, 67501, 64, 1, 32, '2017-12-28 13:44:32', '2017-12-28 13:44:32'),
(167, 0, 57052, 91, 1, 25, '2017-12-28 13:44:32', '2017-12-28 13:44:32'),
(168, 0, 89681, 0, 1, 14, '2017-12-28 13:44:32', '2017-12-28 13:44:32'),
(169, 0, 44963, 43, 1, 7, '2017-12-28 13:44:32', '2017-12-28 13:44:32'),
(170, 0, 32774, 32, 1, 19, '2017-12-28 13:44:33', '2017-12-28 13:44:33'),
(171, 0, 27012, 24, 1, 30, '2017-12-28 13:44:33', '2017-12-28 13:44:33'),
(172, 0, 27346, 28, 1, 32, '2017-12-28 13:44:33', '2017-12-28 13:44:33'),
(173, 0, 22863, 79, 1, 27, '2017-12-28 13:44:33', '2017-12-28 13:44:33'),
(174, 1, 77109, 0, 1, 35, '2017-12-28 13:44:33', '2017-12-28 13:44:33'),
(175, 0, 13801, 87, 1, 6, '2017-12-28 13:44:33', '2017-12-28 13:44:33'),
(176, 1, 80253, 53, 1, 10, '2017-12-28 13:44:33', '2017-12-28 13:44:33'),
(177, 1, 62517, 71, 1, 36, '2017-12-28 13:44:33', '2017-12-28 13:44:33'),
(178, 1, 85351, 60, 1, 42, '2017-12-28 13:44:33', '2017-12-28 13:44:33'),
(179, 0, 26542, 88, 1, 30, '2017-12-28 13:44:33', '2017-12-28 13:44:33'),
(180, 1, 47863, 68, 1, 48, '2017-12-28 13:44:33', '2017-12-28 13:44:33'),
(181, 1, 14409, 61, 1, 40, '2017-12-28 13:44:33', '2017-12-28 13:44:33'),
(182, 1, 27458, 69, 1, 2, '2017-12-28 13:44:33', '2017-12-28 13:44:33'),
(183, 1, 61824, 71, 1, 22, '2017-12-28 13:44:33', '2017-12-28 13:44:33'),
(184, 0, 65402, 8, 1, 47, '2017-12-28 13:44:33', '2017-12-28 13:44:33'),
(185, 1, 63170, 80, 1, 11, '2017-12-28 13:44:33', '2017-12-28 13:44:33'),
(186, 0, 15800, 80, 1, 4, '2017-12-28 13:44:33', '2017-12-28 13:44:33'),
(187, 0, 32450, 41, 1, 38, '2017-12-28 13:44:33', '2017-12-28 13:44:33'),
(188, 1, 99665, 85, 1, 49, '2017-12-28 13:44:33', '2017-12-28 13:44:33'),
(189, 0, 69767, 60, 1, 24, '2017-12-28 13:44:34', '2017-12-28 13:44:34'),
(190, 1, 50886, 36, 1, 15, '2017-12-28 13:44:34', '2017-12-28 13:44:34'),
(191, 0, 15967, 89, 1, 37, '2017-12-28 13:44:34', '2017-12-28 13:44:34'),
(192, 0, 67138, 65, 1, 13, '2017-12-28 13:44:34', '2017-12-28 13:44:34'),
(193, 0, 57808, 9, 1, 45, '2017-12-28 13:44:34', '2017-12-28 13:44:34'),
(194, 0, 67108, 97, 1, 33, '2017-12-28 13:44:34', '2017-12-28 13:44:34'),
(195, 0, 81142, 39, 1, 9, '2017-12-28 13:44:34', '2017-12-28 13:44:34'),
(196, 0, 31204, 25, 1, 46, '2017-12-28 13:44:34', '2017-12-28 13:44:34'),
(197, 1, 15673, 16, 1, 5, '2017-12-28 13:44:34', '2017-12-28 13:44:34'),
(198, 0, 88384, 96, 1, 35, '2017-12-28 13:44:34', '2017-12-28 13:44:34'),
(199, 1, 75641, 39, 1, 37, '2017-12-28 13:44:34', '2017-12-28 13:44:34'),
(200, 1, 54938, 76, 1, 22, '2017-12-28 13:44:34', '2017-12-28 13:44:34'),
(201, 0, 39116, 70, 1, 42, '2017-12-28 13:44:34', '2017-12-28 13:44:34'),
(202, 1, 66475, 100, 1, 22, '2017-12-28 13:44:34', '2017-12-28 13:44:34'),
(203, 0, 52975, 11, 1, 35, '2017-12-28 13:44:34', '2017-12-28 13:44:34'),
(204, 0, 22319, 99, 1, 36, '2017-12-28 13:44:34', '2017-12-28 13:44:34'),
(205, 1, 92869, 40, 1, 44, '2017-12-28 13:44:34', '2017-12-28 13:44:34'),
(206, 0, 79789, 18, 1, 27, '2017-12-28 13:44:34', '2017-12-28 13:44:34'),
(207, 0, 76298, 1, 1, 5, '2017-12-28 13:44:34', '2017-12-28 13:44:34'),
(208, 1, 85262, 1, 1, 9, '2017-12-28 13:44:34', '2017-12-28 13:44:34'),
(209, 1, 71402, 48, 1, 14, '2017-12-28 13:44:34', '2017-12-28 13:44:34');

-- --------------------------------------------------------

--
-- Estructura de tabla para la tabla `password_resets`
--

CREATE TABLE `password_resets` (
  `email` varchar(255) COLLATE utf8mb4_unicode_ci NOT NULL,
  `token` varchar(255) COLLATE utf8mb4_unicode_ci NOT NULL,
  `created_at` timestamp NULL DEFAULT NULL
) ENGINE=InnoDB DEFAULT CHARSET=utf8mb4 COLLATE=utf8mb4_unicode_ci;

-- --------------------------------------------------------

--
-- Estructura de tabla para la tabla `users`
--

CREATE TABLE `users` (
  `id` int(10) UNSIGNED NOT NULL,
  `nit` bigint(20) NOT NULL,
  `name` varchar(255) COLLATE utf8mb4_unicode_ci NOT NULL,
  `email` varchar(60) COLLATE utf8mb4_unicode_ci NOT NULL,
  `state` tinyint(1) NOT NULL,
  `role` tinyint(1) NOT NULL,
  `password` varchar(255) COLLATE utf8mb4_unicode_ci NOT NULL,
  `remember_token` varchar(100) COLLATE utf8mb4_unicode_ci DEFAULT NULL,
  `created_at` timestamp NULL DEFAULT NULL,
  `updated_at` timestamp NULL DEFAULT NULL
) ENGINE=InnoDB DEFAULT CHARSET=utf8mb4 COLLATE=utf8mb4_unicode_ci;

--
-- Volcado de datos para la tabla `users`
--

INSERT INTO `users` (`id`, `nit`, `name`, `email`, `state`, `role`, `password`, `remember_token`, `created_at`, `updated_at`) VALUES
(1, 10, 'Rober Sehuanez', 'sehuanez@gmail.com', 1, 0, '$2y$10$//NxWo4ywieCKmg7pIaYD.LXLJxRpwkv9CGGu/MaplddpkvpFPyaW', 'czrDqQqRlGA4utMFfjC2TlcV3LZUFgG1f4KdNldmgFNEwHOxUya22hRPkg0S', '2017-12-22 21:44:19', '2017-12-23 02:33:45'),
(2, 376, 'Dr. Bobby Schuppe II', 'kdeckow@example.org', 1, 0, '$2y$10$92AGBMxFqUPqILkv1MUYhe7L4UX5qfunSabQ/2nHnUOvdslsOGGlO', 'MLYzDWJA8LB38v8xF4b56BpaQklUeSKY0O5tjTCGNrCfGpVNOPYQlSifvz1A', '2017-12-22 21:44:19', '2017-12-22 21:44:19'),
(3, 3, 'Jody Rosenbaum', 'tremblay.eli@example.org', 0, 0, '$2y$10$92AGBMxFqUPqILkv1MUYhe7L4UX5qfunSabQ/2nHnUOvdslsOGGlO', 'PpVKDJgVvi', '2017-12-22 21:44:19', '2017-12-28 14:22:36'),
(4, 769, 'Prof. Kole Abernathy', 'nathanael14@example.com', 1, 0, '$2y$10$92AGBMxFqUPqILkv1MUYhe7L4UX5qfunSabQ/2nHnUOvdslsOGGlO', 'jefD3unPBO', '2017-12-22 21:44:19', '2017-12-22 21:44:19'),
(5, 294999131, 'Mireille Pacocha', 'cartwright.emmy@example.net', 1, 0, '$2y$10$92AGBMxFqUPqILkv1MUYhe7L4UX5qfunSabQ/2nHnUOvdslsOGGlO', 'ZDoHfUKmgU', '2017-12-22 21:44:19', '2017-12-22 21:44:19'),
(6, 443279878, 'Alena Bradtke II', 'tkunde@example.org', 1, 0, '$2y$10$92AGBMxFqUPqILkv1MUYhe7L4UX5qfunSabQ/2nHnUOvdslsOGGlO', 'ab55sTuOrV', '2017-12-22 21:44:19', '2017-12-22 21:44:19'),
(7, 15, 'Rober Sehuanez', 'una@prueba.com', 1, 1, '$2y$10$9X1HataWoxBYH0oEKeEI2O6ZBFwfJt22i/Qr6qYzOXfc9A55rZ5SG', 'c4BJZwRjYK6fFSWJ3woWyFh8vMTiIAptELE7NPFHpmSTUX1oNm6p7Va8JFtp', '2017-12-22 21:44:19', '2017-12-28 15:37:50'),
(8, 3801351, 'Rylee Carroll DVM', 'cruz.murphy@example.net', 0, 0, '$2y$10$92AGBMxFqUPqILkv1MUYhe7L4UX5qfunSabQ/2nHnUOvdslsOGGlO', 'EP2cP2FspS', '2017-12-22 21:44:20', '2017-12-28 15:38:37'),
(9, 91021534, 'Amie Ankunding MD', 'cole.ora@example.org', 1, 0, '$2y$10$92AGBMxFqUPqILkv1MUYhe7L4UX5qfunSabQ/2nHnUOvdslsOGGlO', 'oOhg5hs3qG', '2017-12-22 21:44:20', '2017-12-22 21:44:20'),
(10, 19425, 'Jennings Mohr', 'yhand@example.net', 1, 1, '$2y$10$92AGBMxFqUPqILkv1MUYhe7L4UX5qfunSabQ/2nHnUOvdslsOGGlO', 'TBBjJgtn8i', '2017-12-22 21:44:20', '2017-12-22 21:44:20'),
(11, 12, 'Prueba Prueba', 'correo@correo.com', 0, 0, '$2y$10$m0lVozR/f6YqNlvmk24B0OP.3A9aRLF6Lmpp5BbnO87NgVCEVF/bW', NULL, '2017-12-28 15:07:29', '2017-12-28 15:15:45');

--
-- Índices para tablas volcadas
--

--
-- Indices de la tabla `customers`
--
ALTER TABLE `customers`
  ADD PRIMARY KEY (`id`),
  ADD KEY `customers_user_id_foreign` (`user_id`);

--
-- Indices de la tabla `debts`
--
ALTER TABLE `debts`
  ADD PRIMARY KEY (`id`),
  ADD KEY `debts_customer_id_foreign` (`customer_id`);

--
-- Indices de la tabla `migrations`
--
ALTER TABLE `migrations`
  ADD PRIMARY KEY (`id`);

--
-- Indices de la tabla `movements`
--
ALTER TABLE `movements`
  ADD PRIMARY KEY (`id`),
  ADD KEY `movements_user_id_foreign` (`user_id`),
  ADD KEY `movements_customer_id_foreign` (`customer_id`);

--
-- Indices de la tabla `users`
--
ALTER TABLE `users`
  ADD PRIMARY KEY (`id`);

--
-- AUTO_INCREMENT de las tablas volcadas
--

--
-- AUTO_INCREMENT de la tabla `customers`
--
ALTER TABLE `customers`
  MODIFY `id` int(10) UNSIGNED NOT NULL AUTO_INCREMENT, AUTO_INCREMENT=51;

--
-- AUTO_INCREMENT de la tabla `debts`
--
ALTER TABLE `debts`
  MODIFY `id` int(10) UNSIGNED NOT NULL AUTO_INCREMENT, AUTO_INCREMENT=101;

--
-- AUTO_INCREMENT de la tabla `migrations`
--
ALTER TABLE `migrations`
  MODIFY `id` int(10) UNSIGNED NOT NULL AUTO_INCREMENT, AUTO_INCREMENT=21;

--
-- AUTO_INCREMENT de la tabla `movements`
--
ALTER TABLE `movements`
  MODIFY `id` int(10) UNSIGNED NOT NULL AUTO_INCREMENT, AUTO_INCREMENT=210;

--
-- AUTO_INCREMENT de la tabla `users`
--
ALTER TABLE `users`
  MODIFY `id` int(10) UNSIGNED NOT NULL AUTO_INCREMENT, AUTO_INCREMENT=12;

--
-- Restricciones para tablas volcadas
--

--
-- Filtros para la tabla `customers`
--
ALTER TABLE `customers`
  ADD CONSTRAINT `customers_user_id_foreign` FOREIGN KEY (`user_id`) REFERENCES `users` (`id`);

--
-- Filtros para la tabla `debts`
--
ALTER TABLE `debts`
  ADD CONSTRAINT `debts_customer_id_foreign` FOREIGN KEY (`customer_id`) REFERENCES `customers` (`id`);

--
-- Filtros para la tabla `movements`
--
ALTER TABLE `movements`
  ADD CONSTRAINT `movements_customer_id_foreign` FOREIGN KEY (`customer_id`) REFERENCES `customers` (`id`),
  ADD CONSTRAINT `movements_user_id_foreign` FOREIGN KEY (`user_id`) REFERENCES `users` (`id`);
COMMIT;

/*!40101 SET CHARACTER_SET_CLIENT=@OLD_CHARACTER_SET_CLIENT */;
/*!40101 SET CHARACTER_SET_RESULTS=@OLD_CHARACTER_SET_RESULTS */;
/*!40101 SET COLLATION_CONNECTION=@OLD_COLLATION_CONNECTION */;
